{
  "ie": {
    "6": 0.00011404768698745544,
    "7": 0.0005200574526627968,
    "8": 0.0004060097656753413,
    "9": 0.00015282390056319027,
    "10": 0.0010811720726410774,
    "11": 0.19781115117226195,
    "5.5": 0.00001824762991799287
  },
  "edge": {
    "12": 0.004429612162592769,
    "13": 0.008761143314376328,
    "14": 0.0284115597823149,
    "15": 0.04963355337694061,
    "16": 0.10610996797312854,
    "17": 0.5621159586700306,
    "18": 0.0029492731854955977
  },
  "firefox": {
    "2": 0,
    "3": 0,
    "4": 0.00003649525983598574,
    "5": 0.00001824762991799287,
    "6": 0,
    "7": 0,
    "8": 0,
    "9": 0.00001824762991799287,
    "10": 0,
    "11": 0,
    "12": 0.00009580005706946256,
    "13": 0.00009580005706946256,
    "14": 0,
    "15": 0.00003877621357573485,
    "16": 0.00021212869779666714,
    "17": 0.00003877621357573485,
    "18": 0.00005702384349372772,
    "19": 0.0001345762706451974,
    "20": 0.00003877621357573485,
    "21": 0.00005702384349372772,
    "22": 0.0001345762706451974,
    "23": 0,
    "24": 0.00005702384349372772,
    "25": 0,
    "26": 0.00009580005706946256,
    "27": 0.00017335248422093227,
    "28": 0.00018931916039917603,
    "29": 0.00011404768698745544,
    "30": 0.00001824762991799287,
    "31": 0.00015282390056319027,
    "32": 0.0002691525412903948,
    "33": 0.00001824762991799287,
    "34": 0.00005702384349372772,
    "35": 0.0001916001141389251,
    "36": 0.00009580005706946256,
    "37": 0.00011404768698745544,
    "38": 0.004292754938207822,
    "39": 0,
    "40": 0.00011632864072720454,
    "41": 0.00001824762991799287,
    "42": 0.0009488767557356293,
    "43": 0.0010241482291473499,
    "44": 0.0006386670471297505,
    "45": 0.029068474459362642,
    "46": 0.0007732433177749479,
    "47": 0.0017951105931825488,
    "48": 0.004057816703013664,
    "49": 0.00458015510941621,
    "50": 0.007832795142298439,
    "51": 0.010613277751052603,
    "52": 0.03324490075684326,
    "53": 0.0011610054535322965,
    "54": 0.0014073484574252003,
    "55": 0.003423711563363412,
    "56": 0.006046808364074887,
    "57": 0.009226457877285144,
    "58": 0.005898546370991195,
    "59": 0.00788753803205242,
    "60": 0.3920640145105153,
    "61": 0.9730571463307096,
    "62": 0.009513858048493532,
    "63": 0,
    "3.5": 0,
    "3.6": 0.0002258144202351618
  },
  "chrome": {
    "4": 0.00016879057674143406,
    "5": 0.00005702384349372772,
    "6": 0.00016650962300168495,
    "7": 0.00003649525983598574,
    "8": 0.00009580005706946256,
    "9": 0,
    "10": 0,
    "11": 0.001215748343286275,
    "12": 0.00001824762991799287,
    "13": 0,
    "14": 0.00003649525983598574,
    "15": 0,
    "16": 0,
    "17": 0,
    "18": 0,
    "19": 0,
    "20": 0,
    "21": 0.00003649525983598574,
    "22": 0.0003877621357573485,
    "23": 0.0002645906338108966,
    "24": 0.00003877621357573485,
    "25": 0.00003877621357573485,
    "26": 0.00011632864072720454,
    "27": 0.001525958051892154,
    "28": 0.00027143349503014395,
    "29": 0.00007527147341172058,
    "30": 0.0003854811820175994,
    "31": 0.0004037288119355922,
    "32": 0.00007527147341172058,
    "33": 0.00040144785819584315,
    "34": 0.0007321861504594639,
    "35": 0.00026687158755064574,
    "36": 0.00026687158755064574,
    "37": 0.00032389543104437347,
    "38": 0.0004630336091690691,
    "39": 0.0004219764418535851,
    "40": 0.0011610054535322965,
    "41": 0.000672881353225987,
    "42": 0.005531312818891588,
    "43": 0.00032389543104437347,
    "44": 0.00001824762991799287,
    "45": 0.009066791115502707,
    "46": 0.013904693997510568,
    "47": 0.0004630336091690691,
    "48": 0.0020277678746369577,
    "49": 0.05581265705792095,
    "50": 0.0022398965724336247,
    "51": 0.004311002568125816,
    "52": 0.003964297599683951,
    "53": 0.0028990922032211173,
    "54": 0.004931421985337574,
    "55": 0.04771070937433211,
    "56": 0.011117368527537157,
    "57": 0.010300787088706975,
    "58": 0.007750680807667472,
    "59": 0.09407565604221224,
    "60": 0.005154955451832986,
    "61": 0.016051071466614476,
    "62": 0.011810778464420886,
    "63": 0.04579242727920311,
    "64": 0.026803487395791775,
    "65": 0.04306668756020292,
    "66": 0.3809877031502936,
    "67": 6.005794534880458,
    "68": 2.9887314042395174,
    "69": 0.04138334370026808,
    "70": 0.002880844573303124,
    "71": 0
  },
  "safari": {
    "4": 0,
    "5": 0.00003649525983598574,
    "6": 0,
    "7": 0.002493082437545776,
    "8": 0.008530766986661668,
    "9": 0.006363860933900014,
    "10": 0.020870726718704345,
    "11": 0.09581830469938056,
    "12": 0.0029219017406186083,
    "3.1": 0,
    "3.2": 0,
    "5.1": 0.00005702384349372772,
    "6.1": 0,
    "7.1": 0.0004447859792510762,
    "9.1": 0.03254920986621978,
    "10.1": 0.17090273990444171,
    "11.1": 0.46906673181070546,
    "TP": 0
  },
  "opera": {
    "9": 0.00001824762991799287,
    "11": 0,
    "12": 0,
    "15": 0,
    "16": 0,
    "17": 0,
    "18": 0,
    "19": 0,
    "20": 0,
    "21": 0.00001824762991799287,
    "22": 0,
    "23": 0,
    "24": 0,
    "25": 0.0002326572814544091,
    "26": 0,
    "27": 0.00003877621357573485,
    "28": 0,
    "29": 0.00003877621357573485,
    "30": 0,
    "31": 0.00003877621357573485,
    "32": 0.00003877621357573485,
    "33": 0,
    "34": 0.0013731341513289635,
    "35": 0.006614765845272415,
    "36": 0.0026504682455884645,
    "37": 0.00001824762991799287,
    "38": 0,
    "39": 0,
    "40": 0.00001824762991799287,
    "41": 0.00019388106787867425,
    "42": 0.00019388106787867425,
    "43": 0.00001824762991799287,
    "44": 0.00001824762991799287,
    "45": 0,
    "46": 0.0001345762706451974,
    "47": 0,
    "48": 0,
    "49": 0.00017107153048118317,
    "50": 0.00009123814958996435,
    "51": 0.00030564780112638055,
    "52": 0.0009055386346803962,
    "53": 0.09011592035000779,
    "54": 0.1519799476794831,
    "55": 0.023322751988934638,
    "9.5-9.6": 0.00001824762991799287,
    "10.0-10.1": 0,
    "10.5": 0.00001824762991799287,
    "10.6": 0.00001824762991799287,
    "11.1": 0,
    "11.5": 0,
    "11.6": 0,
    "12.1": 0.0006181384634720084
  },
  "ios_saf": {
    "8": 0.001026429182887099,
    "12": 0.12587671308179432,
    "3.2": 0.0013161103078352357,
    "4.0-4.1": 0,
    "4.2-4.3": 0.0002896811249481368,
    "5.0-5.1": 0.0004447859792510762,
    "6.0-6.1": 0.0013343579377532286,
    "7.0-7.1": 0.010214110846596508,
    "8.1-8.4": 0.03155015212820968,
    "9.0-9.2": 0.048433771709832575,
    "9.3": 0.5043006242286099,
    "10.0-10.2": 1.3916281242508493,
    "10.3": 3.4581927410471995,
    "11.0-11.2": 6.479598807608624,
    "11.3-11.4": 31.797751937613178
  },
  "op_mini": {
    "all": 0.01973253080256954
  },
  "android": {
    "3": 0.00003877621357573485,
    "4": 0.0001345762706451974,
    "67": 1.3644414366267796,
    "2.1": 0.00001824762991799287,
    "2.2": 0,
    "2.3": 0.00011176673324770633,
    "4.1": 0.0005611146199782808,
    "4.2-4.3": 0.0003102097086058788,
    "4.4": 0.0021646250990219043,
    "4.4.3-4.4.4": 0
  },
  "bb": {
    "7": 0.00001824762991799287,
    "10": 0.001256805510601759
  },
  "op_mob": {
    "10": 0.017319281745914985,
    "11": 0.017319281745914985,
    "12": 0.017319281745914985,
    "46": 0.017319281745914985,
    "11.1": 0.017319281745914985,
    "11.5": 0.017319281745914985,
    "12.1": 0.017319281745914985
  },
  "and_chr": {
    "67": 33.18201258128464
  },
  "and_ff": {
    "60": 0.09438586575081813
  },
  "ie_mob": {
    "10": 0,
    "11": 0
  },
  "and_uc": {
    "11.8": 0.005189169757929222
  },
  "samsung": {
    "4": 0,
    "5": 0,
    "6.2": 0,
    "7.2": 0
  },
  "and_qq": {
    "1.2": 0
  },
  "baidu": {
    "7.12": 0
  }
}