{
  "ie": {
    "6": 0,
    "7": 0,
    "8": 0.001078046470625963,
    "9": 0.00010916926284819878,
    "10": 0.0020059852048356524,
    "11": 0.11541920314625816,
    "5.5": 0
  },
  "edge": {
    "12": 0.0007368925242253418,
    "13": 0.0021015083098278264,
    "14": 0.00397103193610323,
    "15": 0.01984151352266013,
    "16": 0.015870481586556896,
    "17": 0.1048434308078389,
    "18": 0.06798515843871579
  },
  "firefox": {
    "2": 0,
    "3": 0,
    "4": 0,
    "5": 0,
    "6": 0,
    "7": 0,
    "8": 0,
    "9": 0,
    "10": 0,
    "11": 0,
    "12": 0,
    "13": 0,
    "14": 0,
    "15": 0,
    "16": 0,
    "17": 0,
    "18": 0,
    "19": 0,
    "20": 0,
    "21": 0,
    "22": 0,
    "23": 0,
    "24": 0,
    "25": 0,
    "26": 0,
    "27": 0,
    "28": 0,
    "29": 0,
    "30": 0,
    "31": 0,
    "32": 0,
    "33": 0.00030021547283254666,
    "34": 0,
    "35": 0,
    "36": 0,
    "37": 0.0007368925242253418,
    "38": 0.00009552310499217392,
    "39": 0,
    "40": 0,
    "41": 0,
    "42": 0,
    "43": 0,
    "44": 0,
    "45": 0.0007368925242253418,
    "46": 0.0010371079970578883,
    "47": 0.0014737850484506836,
    "48": 0.0010371079970578883,
    "49": 0.000532200156384969,
    "50": 0,
    "51": 0,
    "52": 0.0041893704617996285,
    "53": 0.00034115394640062114,
    "54": 0,
    "55": 0.00010916926284819878,
    "56": 0.01249988059611876,
    "57": 0.0022106775726760254,
    "58": 0.0035889395161345346,
    "59": 0.00622264798234733,
    "60": 0.12947474573796375,
    "61": 0.40279364143628543,
    "62": 0.01281374222680733,
    "63": 0,
    "3.5": 0,
    "3.6": 0
  },
  "chrome": {
    "4": 0,
    "5": 0,
    "6": 0,
    "7": 0.00005458463142409939,
    "8": 0,
    "9": 0,
    "10": 0,
    "11": 0.00024563084140844725,
    "12": 0,
    "13": 0,
    "14": 0,
    "15": 0,
    "16": 0,
    "17": 0,
    "18": 0,
    "19": 0,
    "20": 0,
    "21": 0,
    "22": 0,
    "23": 0,
    "24": 0,
    "25": 0,
    "26": 0,
    "27": 0,
    "28": 0,
    "29": 0.00005458463142409939,
    "30": 0,
    "31": 0,
    "32": 0,
    "33": 0.001514723522018758,
    "34": 0.00019104620998434784,
    "35": 0,
    "36": 0,
    "37": 0,
    "38": 0.0008460617870735405,
    "39": 0.00005458463142409939,
    "40": 0,
    "41": 0.0007914771556494412,
    "42": 0,
    "43": 0.00030021547283254666,
    "44": 0.00019104620998434784,
    "45": 0,
    "46": 0.00010916926284819878,
    "47": 0.00009552310499217392,
    "48": 0.00010916926284819878,
    "49": 0.10195044534236163,
    "50": 0.00020469236784037272,
    "51": 0.0069049558751485725,
    "52": 0.0013646157856024846,
    "53": 0.0031386163068857146,
    "54": 0.00016375389427229816,
    "55": 0.0002592769992644721,
    "56": 0.003384247148294162,
    "57": 0.00045032320924881996,
    "58": 0.003820924199686957,
    "59": 0.0005049078406729193,
    "60": 0.005922432509514784,
    "61": 0.006945894348716647,
    "62": 0.0012281542070422362,
    "63": 0.023580560775210938,
    "64": 0.006345463403051554,
    "65": 0.062144602876337156,
    "66": 0.17501197450351866,
    "67": 4.178494473988376,
    "68": 2.324227252196008,
    "69": 0.03021259349323901,
    "70": 0.0011326311020500625,
    "71": 0
  },
  "safari": {
    "4": 0,
    "5": 0,
    "6": 0,
    "7": 0,
    "8": 0.0023471391512362738,
    "9": 0.002115154467683851,
    "10": 0.01064400312769938,
    "11": 0.04549629029198684,
    "12": 0,
    "3.1": 0,
    "3.2": 0,
    "5.1": 0,
    "6.1": 0,
    "7.1": 0,
    "9.1": 0.0265827155035364,
    "10.1": 0.12786449911095282,
    "11.1": 0.4133830599325607,
    "TP": 0
  },
  "opera": {
    "9": 0,
    "11": 0,
    "12": 0,
    "15": 0,
    "16": 0,
    "17": 0,
    "18": 0,
    "19": 0,
    "20": 0,
    "21": 0,
    "22": 0,
    "23": 0,
    "24": 0,
    "25": 0,
    "26": 0,
    "27": 0,
    "28": 0,
    "29": 0,
    "30": 0,
    "31": 0,
    "32": 0.00015010773641627333,
    "33": 0,
    "34": 0,
    "35": 0,
    "36": 0.00005458463142409939,
    "37": 0,
    "38": 0,
    "39": 0,
    "40": 0.00005458463142409939,
    "41": 0,
    "42": 0,
    "43": 0,
    "44": 0,
    "45": 0,
    "46": 0,
    "47": 0,
    "48": 0.00005458463142409939,
    "49": 0,
    "50": 0,
    "51": 0,
    "52": 0,
    "53": 0.054762031476227706,
    "54": 0.06659325033740125,
    "55": 0.006318171087339504,
    "9.5-9.6": 0,
    "10.0-10.1": 0,
    "10.5": 0,
    "10.6": 0,
    "11.1": 0,
    "11.5": 0,
    "11.6": 0,
    "12.1": 0
  },
  "ios_saf": {
    "8": 0.0012827388384663357,
    "12": 0.018654297789185967,
    "3.2": 0,
    "4.0-4.1": 0,
    "4.2-4.3": 0,
    "5.0-5.1": 0.001965046731267578,
    "6.0-6.1": 0.0008051233135054661,
    "7.0-7.1": 0.008365094765743231,
    "8.1-8.4": 0.014369404222394164,
    "9.0-9.2": 0.04631505976334833,
    "9.3": 0.5177625213732947,
    "10.0-10.2": 2.2519572001905,
    "10.3": 2.5305708051369598,
    "11.0-11.2": 7.320099289444561,
    "11.3-11.4": 36.87565757423169
  },
  "op_mini": {
    "all": 0.00016375389427229816
  },
  "android": {
    "3": 0,
    "4": 0,
    "67": 3.1614053905052764,
    "2.1": 0,
    "2.2": 0,
    "2.3": 0,
    "4.1": 0,
    "4.2-4.3": 0,
    "4.4": 0.00010916926284819878,
    "4.4.3-4.4.4": 0
  },
  "bb": {
    "7": 0,
    "10": 0
  },
  "op_mob": {
    "10": 0.004516878250344224,
    "11": 0.004516878250344224,
    "12": 0.004516878250344224,
    "46": 0.004516878250344224,
    "11.1": 0.004516878250344224,
    "11.5": 0.004516878250344224,
    "12.1": 0.004516878250344224
  },
  "and_chr": {
    "67": 30.5741757379501
  },
  "and_ff": {
    "60": 0.22170912668683568
  },
  "ie_mob": {
    "10": 0,
    "11": 0
  },
  "and_uc": {
    "11.8": 0.00020469236784037272
  },
  "samsung": {
    "4": 0,
    "5": 0,
    "6.2": 0,
    "7.2": 0
  },
  "and_qq": {
    "1.2": 0
  },
  "baidu": {
    "7.12": 0
  }
}