{
  "ie": {
    "6": 0.00003649776232219203,
    "7": 0.00018248881161096013,
    "8": 0.0008759462957326086,
    "9": 0.00021898657393315215,
    "10": 0.001386914968243297,
    "11": 0.13208540184401293,
    "5.5": 0
  },
  "edge": {
    "12": 0.001240923918954529,
    "13": 0.018832845358251086,
    "14": 0.2238042785596815,
    "15": 0.15858277728992434,
    "16": 0.09084293041993596,
    "17": 0.8385725871146841,
    "18": 0.0006204619594772645
  },
  "firefox": {
    "2": 0,
    "3": 0,
    "4": 0,
    "5": 0,
    "6": 0,
    "7": 0,
    "8": 0,
    "9": 0,
    "10": 0,
    "11": 0,
    "12": 0,
    "13": 0,
    "14": 0,
    "15": 0,
    "16": 0,
    "17": 0,
    "18": 0,
    "19": 0,
    "20": 0,
    "21": 0,
    "22": 0,
    "23": 0,
    "24": 0.00010949328696657608,
    "25": 0,
    "26": 0,
    "27": 0,
    "28": 0,
    "29": 0,
    "30": 0,
    "31": 0,
    "32": 0,
    "33": 0.0008394485334104167,
    "34": 0.0004014753855441123,
    "35": 0,
    "36": 0,
    "37": 0,
    "38": 0.00974490254002527,
    "39": 0.00003649776232219203,
    "40": 0,
    "41": 0,
    "42": 0.0007299552464438405,
    "43": 0.0011314306319879527,
    "44": 0.0012044261566323369,
    "45": 0.0011314306319879527,
    "46": 0.0010219373450213768,
    "47": 0.0010584351073435686,
    "48": 0.016278001995697643,
    "49": 0.0002554843362553442,
    "50": 0.0005474664348328803,
    "51": 0.0005109686725106884,
    "52": 0.03784817952811313,
    "53": 0.0004014753855441123,
    "54": 0.00047447091018849635,
    "55": 0.0032483008466750903,
    "56": 0.01817588563645163,
    "57": 0.01496408255209873,
    "58": 0.007117063652827445,
    "59": 0.040074543029766846,
    "60": 1.0825236304762156,
    "61": 3.4881276428942143,
    "62": 0.09365325811874474,
    "63": 0.0006934574841216484,
    "3.5": 0,
    "3.6": 0
  },
  "chrome": {
    "4": 0,
    "5": 0,
    "6": 0,
    "7": 0,
    "8": 0,
    "9": 0,
    "10": 0,
    "11": 0.0005474664348328803,
    "12": 0,
    "13": 0,
    "14": 0,
    "15": 0,
    "16": 0,
    "17": 0,
    "18": 0,
    "19": 0,
    "20": 0,
    "21": 0.00032847986089972825,
    "22": 0,
    "23": 0,
    "24": 0,
    "25": 0.00003649776232219203,
    "26": 0,
    "27": 0.00007299552464438406,
    "28": 0.00003649776232219203,
    "29": 0,
    "30": 0,
    "31": 0,
    "32": 0.00003649776232219203,
    "33": 0,
    "34": 0.00003649776232219203,
    "35": 0.0006569597217994565,
    "36": 0,
    "37": 0,
    "38": 0.0008029507710882246,
    "39": 0.00021898657393315215,
    "40": 0.00010949328696657608,
    "41": 0.00036497762322192025,
    "42": 0,
    "43": 0,
    "44": 0.00010949328696657608,
    "45": 0,
    "46": 0.0023723545509424814,
    "47": 0.004489224765629619,
    "48": 0.005438166586006612,
    "49": 0.06627993637710072,
    "50": 0.006460103931027988,
    "51": 0.004562220290274003,
    "52": 0.012482234714189674,
    "53": 0.0025183456002312496,
    "54": 0.0006569597217994565,
    "55": 0.00036497762322192025,
    "56": 0.0039052605684745468,
    "57": 0.0040147538554411236,
    "58": 0.030548627063674727,
    "59": 0.0004014753855441123,
    "60": 0.0027008344118422097,
    "61": 0.0007664530087660326,
    "62": 0.013723158633144203,
    "63": 0.02938069866936458,
    "64": 0.009197436105192391,
    "65": 0.03854163701223478,
    "66": 0.4407104800404687,
    "67": 11.385659445219414,
    "68": 7.126042102358704,
    "69": 0.06664491400032264,
    "70": 0.002627838887197826,
    "71": 0
  },
  "safari": {
    "4": 0,
    "5": 0,
    "6": 0,
    "7": 0,
    "8": 0.004233740429374275,
    "9": 0.006277615119417029,
    "10": 0.0508048851524913,
    "11": 0.05379770166291104,
    "12": 0,
    "3.1": 0,
    "3.2": 0,
    "5.1": 0,
    "6.1": 0,
    "7.1": 0,
    "9.1": 0.039892054218155885,
    "10.1": 0.02810327698808786,
    "11.1": 0.5259692528251093,
    "TP": 0
  },
  "opera": {
    "9": 0,
    "11": 0,
    "12": 0,
    "15": 0,
    "16": 0,
    "17": 0,
    "18": 0,
    "19": 0,
    "20": 0,
    "21": 0,
    "22": 0,
    "23": 0,
    "24": 0,
    "25": 0,
    "26": 0,
    "27": 0,
    "28": 0,
    "29": 0,
    "30": 0,
    "31": 0.00014599104928876813,
    "32": 0.00007299552464438406,
    "33": 0,
    "34": 0,
    "35": 0,
    "36": 0.009452920441447734,
    "37": 0,
    "38": 0,
    "39": 0,
    "40": 0,
    "41": 0,
    "42": 0,
    "43": 0,
    "44": 0,
    "45": 0,
    "46": 0,
    "47": 0.0006204619594772645,
    "48": 0,
    "49": 0,
    "50": 0,
    "51": 0,
    "52": 0.00010949328696657608,
    "53": 0.04927197913495924,
    "54": 0.0892735266400817,
    "55": 0.02452649628051304,
    "9.5-9.6": 0,
    "10.0-10.1": 0,
    "10.5": 0,
    "10.6": 0,
    "11.1": 0,
    "11.5": 0,
    "11.6": 0,
    "12.1": 0
  },
  "ios_saf": {
    "8": 0.0008394485334104167,
    "12": 0.051680831448223906,
    "3.2": 0,
    "4.0-4.1": 0,
    "4.2-4.3": 0,
    "5.0-5.1": 0.00010949328696657608,
    "6.0-6.1": 0,
    "7.0-7.1": 0.0002554843362553442,
    "8.1-8.4": 0.001313919443598913,
    "9.0-9.2": 0.05941835706052862,
    "9.3": 0.31555965303767225,
    "10.0-10.2": 1.0329596692426788,
    "10.3": 2.083839739785554,
    "11.0-11.2": 1.8863868456224948,
    "11.3-11.4": 9.653329654358892
  },
  "op_mini": {
    "all": 0
  },
  "android": {
    "3": 0,
    "4": 0.00014599104928876813,
    "67": 0.5830882508593398,
    "2.1": 0,
    "2.2": 0,
    "2.3": 0,
    "4.1": 0,
    "4.2-4.3": 0,
    "4.4": 0.0020438746900427536,
    "4.4.3-4.4.4": 0
  },
  "bb": {
    "7": 0,
    "10": 0
  },
  "op_mob": {
    "10": 0.04481925213165181,
    "11": 0.04481925213165181,
    "12": 0.04481925213165181,
    "46": 0.04481925213165181,
    "11.1": 0.04481925213165181,
    "11.5": 0.04481925213165181,
    "12.1": 0.04481925213165181
  },
  "and_chr": {
    "67": 52.78810056155457
  },
  "and_ff": {
    "60": 0.1395309453577401
  },
  "ie_mob": {
    "10": 0,
    "11": 0
  },
  "and_uc": {
    "11.8": 0.0007299552464438405
  },
  "samsung": {
    "4": 0,
    "5": 0,
    "6.2": 0,
    "7.2": 0
  },
  "and_qq": {
    "1.2": 0
  },
  "baidu": {
    "7.12": 0
  }
}